

--
-- Contenu de la table Presentation
--

INSERT INTO Presentation (id, description, displayName, features, locale, shortDescription, largeImage_id, smallImage_id, thumbnail_id, video_id) VALUES
(1, 'orem ipsum dolor sit amet, consectetur adipiscing elit. Mauris ultricies convallis lacinia. Nunc fringilla, odio ac volutpat lobortis, ligula nisi suscipit eros, quis porttitor neque mi id purus. Proin vitae nibh semper, fermentum sapien et, interdum urna. Morbi dictum dignissim est, vitae hendrerit dolor adipiscing sed. Phasellus ac est mi. Aenean adipiscing turpis rutrum elit ultricies, eget scelerisque nisl scelerisque. Cras quis urna vulputate est interdum congue. Pellentesque vel sollicitudin mi, sed fringilla odio. Duis quis volutpat orci. Curabitur nec vestibulum nunc. Nunc imperdiet lacus orci, ac vestibulum diam bibendum quis. Praesent convallis tempus ante, in suscipit urna facilisis at. Sed congue pretium feugiat. Nunc faucibus consectetur accumsan.Phasellus malesuada augue eget magna condimentum, ut rhoncus nisl ullamcorper. Pellentesque vitae erat facilisis, ullamcorper urna ac, eleifend massa. Phasellus elit eros, volutpat nec pellentesque et, ultrices nec erat. Cras iaculis tincidunt nulla auctor luctus. Pellentesque turpis leo, auctor sed sem eget, luctus malesuada erat. Donec sit amet posuere magna. Duis iaculis, arcu sit amet pharetra condimentum, quam dolor condimentum massa, convallis venenatis diam lorem eu sem.Nullam ornare dolor id neque pretium, quis dignissim lorem posuere. Quisque iaculis augue libero, in sagittis velit dignissim in. Nullam adipiscing, odio ut facilisis malesuada, nibh justo tincidunt ipsum, eget eleifend diam lacus ut nibh. Sed feugiat est eu elit sagittis, id sollicitudin sem faucibus. Sed sit amet libero et massa luctus ullamcorper. Sed non purus adipiscing, malesuada leo vel, tempus felis. Nulla ut ipsum laoreet diam eleifend gravida at eget nulla. Nullam ultrices convallis nisi at cursus. Nullam lacinia tincidunt eleifend. Interdum et malesuada fames ac ante ipsum primis in faucibus. Maecenas vel tincidunt metus. Nullam nibh orci, tristique sed mollis vitae, euismod ultricies augue. Aliquam tincidunt elit a massa ....', 'Chocolat cakes', NULL, 'en_GB', 'orem ipsum dolor sit amet, consectetur adipiscing elit. Mauris ultricies convallis lacinia. Nunc fringilla, odio ac volutpat lobortis, ligula nisi suscipit eros, quis porttitor neque mi id purus. Proin vitae nibh semper, fermentum sapien et, interdum urna. Morbi dictum dignissim est, vitae hendrerit dolor adipiscing sed. Phasellus ac est mi. Aenean adipiscing turpis rutrum elit ultricies, eget scelerisque nisl scelerisque. Cras quis urna vulputate est interdum congue. Pellentesque vel sollicitudin mi, sed fringilla odio. Duis quis volutpat orci. Curabitur nec vestibulum nunc. Nunc imperdiet lacus orci, ac vestibulum diam bibendum quis. Praesent convallis tempus ante, in suscipit urna facilisis at. Sed congue pretium feugiat. Nunc faucibus consectetur accumsan.Phasellus malesuada augue eget magna condimentum, ut rhoncus nisl ullamcorper. Pellentesque vitae erat facilisis, ullamcorper urna ac, eleifend massa. Phasellus elit eros, volutpat nec pellentesque et, ultrices nec erat. Cras iaculis tincidunt nulla auctor luctus. Pellentesque turpis leo, auctor sed sem eget, luctus malesuada erat. Donec sit amet posuere magna. Duis iaculis, arcu sit amet pharetra condimentum, quam dolor condimentum massa, convallis venenatis diam lorem eu sem.Nullam ornare dolor id neque pretium, quis dignissim lorem posuere. Quisque iaculis augue libero, in sagittis velit dignissim in. Nullam adipiscing, odio ut facilisis malesuada, nibh justo tincidunt ipsum, eget eleifend diam lacus ut nibh. Sed feugiat est eu elit sagittis, id sollicitudin sem faucibus. Sed sit amet libero et massa luctus ullamcorper. Sed non purus adipiscing, malesuada leo vel, tempus felis. Nulla ut ipsum laoreet diam eleifend gravida at eget nulla. Nullam ultrices convallis nisi at cursus. Nullam lacinia tincidunt eleifend. Interdum et malesuada fames ac ante ipsum primis in faucibus. Maecenas vel tincidunt metus. Nullam nibh orci, tristique sed mollis vitae, euismod ultricies augue. Aliquam tincidunt elit a massa ....', NULL, NULL, NULL, NULL),
(2, 'orem ipsum dolor sit amet, consectetur adipiscing elit. Mauris ultricies convallis lacinia. Nunc fringilla, odio ac volutpat lobortis, ligula nisi suscipit eros, quis porttitor neque mi id purus. Proin vitae nibh semper, fermentum sapien et, interdum urna. Morbi dictum dignissim est, vitae hendrerit dolor adipiscing sed. Phasellus ac est mi. Aenean adipiscing turpis rutrum elit ultricies, eget scelerisque nisl scelerisque. Cras quis urna vulputate est interdum congue. Pellentesque vel sollicitudin mi, sed fringilla odio. Duis quis volutpat orci. Curabitur nec vestibulum nunc. Nunc imperdiet lacus orci, ac vestibulum diam bibendum quis. Praesent convallis tempus ante, in suscipit urna facilisis at. Sed congue pretium feugiat. Nunc faucibus consectetur accumsan.Phasellus malesuada augue eget magna condimentum, ut rhoncus nisl ullamcorper. Pellentesque vitae erat facilisis, ullamcorper urna ac, eleifend massa. Phasellus elit eros, volutpat nec pellentesque et, ultrices nec erat. Cras iaculis tincidunt nulla auctor luctus. Pellentesque turpis leo, auctor sed sem eget, luctus malesuada erat. Donec sit amet posuere magna. Duis iaculis, arcu sit amet pharetra condimentum, quam dolor condimentum massa, convallis venenatis diam lorem eu sem.Nullam ornare dolor id neque pretium, quis dignissim lorem posuere. Quisque iaculis augue libero, in sagittis velit dignissim in. Nullam adipiscing, odio ut facilisis malesuada, nibh justo tincidunt ipsum, eget eleifend diam lacus ut nibh. Sed feugiat est eu elit sagittis, id sollicitudin sem faucibus. Sed sit amet libero et massa luctus ullamcorper. Sed non purus adipiscing, malesuada leo vel, tempus felis. Nulla ut ipsum laoreet diam eleifend gravida at eget nulla. Nullam ultrices convallis nisi at cursus. Nullam lacinia tincidunt eleifend. Interdum et malesuada fames ac ante ipsum primis in faucibus. Maecenas vel tincidunt metus. Nullam nibh orci, tristique sed mollis vitae, euismod ultricies augue. Aliquam tincidunt elit a massa ....', 'Chocolat cakes', NULL, 'en_US', 'orem ipsum dolor sit amet, consectetur adipiscing elit. Mauris ultricies convallis lacinia. Nunc fringilla, odio ac volutpat lobortis, ligula nisi suscipit eros, quis porttitor neque mi id purus. Proin vitae nibh semper, fermentum sapien et, interdum urna. Morbi dictum dignissim est, vitae hendrerit dolor adipiscing sed. Phasellus ac est mi. Aenean adipiscing turpis rutrum elit ultricies, eget scelerisque nisl scelerisque. Cras quis urna vulputate est interdum congue. Pellentesque vel sollicitudin mi, sed fringilla odio. Duis quis volutpat orci. Curabitur nec vestibulum nunc. Nunc imperdiet lacus orci, ac vestibulum diam bibendum quis. Praesent convallis tempus ante, in suscipit urna facilisis at. Sed congue pretium feugiat. Nunc faucibus consectetur accumsan.Phasellus malesuada augue eget magna condimentum, ut rhoncus nisl ullamcorper. Pellentesque vitae erat facilisis, ullamcorper urna ac, eleifend massa. Phasellus elit eros, volutpat nec pellentesque et, ultrices nec erat. Cras iaculis tincidunt nulla auctor luctus. Pellentesque turpis leo, auctor sed sem eget, luctus malesuada erat. Donec sit amet posuere magna. Duis iaculis, arcu sit amet pharetra condimentum, quam dolor condimentum massa, convallis venenatis diam lorem eu sem.Nullam ornare dolor id neque pretium, quis dignissim lorem posuere. Quisque iaculis augue libero, in sagittis velit dignissim in. Nullam adipiscing, odio ut facilisis malesuada, nibh justo tincidunt ipsum, eget eleifend diam lacus ut nibh. Sed feugiat est eu elit sagittis, id sollicitudin sem faucibus. Sed sit amet libero et massa luctus ullamcorper. Sed non purus adipiscing, malesuada leo vel, tempus felis. Nulla ut ipsum laoreet diam eleifend gravida at eget nulla. Nullam ultrices convallis nisi at cursus. Nullam lacinia tincidunt eleifend. Interdum et malesuada fames ac ante ipsum primis in faucibus. Maecenas vel tincidunt metus. Nullam nibh orci, tristique sed mollis vitae, euismod ultricies augue. Aliquam tincidunt elit a massa ....', NULL, NULL, NULL, NULL);

--
-- Contenu de la table Catalog
--

INSERT INTO Catalog (id, description, disabled, endDate, name, startDate) VALUES
(1, NULL, b'0', NULL, 'test', NULL);

--
-- Contenu de la table Category
--

INSERT INTO Category (id, description, disabled, endDate, name, startDate) VALUES
(1, 'Root category 1 empty', b'0', '2014-06-19 00:52:52', 'rootCat1', '2014-06-18 00:52:52'),
(2, 'Root category 2 with child categories', b'0', '2014-06-19 00:52:52', 'rootCat2', '2014-06-18 00:52:52'),
(3, 'Child category 1', b'0', '2014-06-19 00:52:52', 'childCat1', '2014-06-18 00:52:52'),
(4, 'Child category 2 with products', b'0', '2014-06-19 00:52:52', 'childCat2', '2014-06-18 00:52:52'),
(5, 'Child category 3 expired', b'0', '2014-06-17 00:52:52', 'childCat3', '2014-06-18 00:52:52'),
(6, 'Child category 4 disabled', b'1', '2014-06-19 00:52:52', 'childCat4', '2014-06-18 00:52:52'),
(7, 'Child category 5 with presentation', b'0', '2014-06-19 00:52:52', 'childCat5', '2014-06-18 00:52:52'),
(8, 'Root category 3 expired', b'0', '2014-06-17 00:52:52', 'rootCat3', '2014-06-18 00:52:52');

--
-- Contenu de la table Product
--

INSERT INTO Product (id, description, disabled, endDate, name, startDate) VALUES
(1, NULL, b'0', '2014-06-19 00:52:52', 'product1', '2014-06-18 00:52:52'),
(2, NULL, b'0', '2014-06-17 00:52:52', 'product2', '2014-06-18 00:52:52'),
(3, NULL, b'1', '2014-06-17 00:52:52', 'product3', '2014-06-18 00:52:52'),
(4, NULL, b'0', '2014-06-17 00:52:52', 'product4', '2014-06-18 00:52:52');
--
-- Contenu de la table Catalog_Category
--

INSERT INTO Catalog_Category (catalogId, categoryId, orderIdx) VALUES
(1, 1, 0),
(1, 2, 1),
(1, 8, 2);
--
-- Contenu de la table Category_Category
--

INSERT INTO Category_Category (parentCategoryId, childCategoryId, orderIdx) VALUES
(2, 3, 0),
(2, 4, 1),
(2, 5, 2),
(2, 6, 3),
(2, 7, 4);

--
-- Contenu de la table Category_Presentation
--

INSERT INTO Category_Presentation (catalogItemId, presentationId) VALUES
(7, 1),
(7, 2);

--
-- Contenu de la table Category_Product
--

INSERT INTO Category_Product (categoryId, productId, orderIdx) VALUES
(4, 1, 0),
(4, 2, 1),
(4, 3, 2),
(4, 4, 3);


--
-- Contenu de la table SKU
--

INSERT INTO SKU (id, description, disabled, endDate, name, startDate, currency, price, quantity, reference, threshold) VALUES
(1, 'Sku1 enabled', b'0', '2014-06-19 00:52:52', 'sku1', '2014-06-18 00:52:52', NULL, 10, 100, 'X1213JJLB-1', 3),
(2, 'Sku2 disabled', b'1', '2014-06-19 00:52:52', 'sku2', '2014-06-18 00:52:52', NULL, 10, 100, 'X1213JJLB-2', 3),
(3, 'Sku3 expired', b'0', '2014-06-17 00:52:52', 'sku3', '2014-06-18 00:52:52', NULL, 10, 100, 'X1213JJLB-3', 3),
(4, 'Sku4 not available', b'0', '2014-06-19 00:52:52', 'sku4', '2014-06-18 00:52:52', NULL, 10, 2, 'X1213JJLB-4', 3),
(5, 'Sku5 with discounts', b'0', '2014-06-19 00:52:52', 'sku5', '2014-06-18 00:52:52', NULL, 10, 100, 'X1213JJLB-5', 3);


--
-- Contenu de la table Product_SKU
--

INSERT INTO Product_SKU (productId, skuId, orderIdx) VALUES
(1, 1, 0),
(1, 2, 1),
(1, 3, 2),
(1, 4, 3),
(1, 5, 4);


--
-- Contenu de la table Discount
--

INSERT INTO Discount (id, description, disabled, endDate, name, startDate, value, triggerRule, type, uniqueUse, usesPerCustomer, voucherCode) VALUES
(1, 'a discount', b'0', '2014-06-19 00:52:52', 'discount1', '2014-06-18 00:52:52', 0.1, 'ORDER_AMOUNT', 'DISCOUNT_RATE', b'1', 1, NULL);


--
-- Contenu de la table SKU_Discount
--

INSERT INTO SKU_Discount (skuId, discountId, orderIdx) VALUES
(5, 1, 0);